{
    "loss": 1.4704577922821045,
    "accuracy": 0.9482758641242981
}