{
    "loss": 3.179147958755493,
    "accuracy": 0.8448275923728943
}