{
    "loss": 1.1116424798965454,
    "accuracy": 0.9482758641242981
}